<edmx:Edmx
    xmlns:edmx="http://schemas.microsoft.com/ado/2007/06/edmx" Version="1.0">
    <edmx:DataServices
        xmlns:m="http://schemas.microsoft.com/ado/2007/08/dataservices/metadata" m:DataServiceVersion="2.0">
        <Schema
            xmlns:d="http://schemas.microsoft.com/ado/2007/08/dataservices"
            xmlns:m="http://schemas.microsoft.com/ado/2007/08/dataservices/metadata"
            xmlns="http://schemas.microsoft.com/ado/2008/09/edm" Namespace="default">
            <EntityType Name="custType">
                <Key>
                    <PropertyRef Name="customer_number"/>
                </Key>
                <Property Name="customer_number" Type="Edm.String" Nullable="false" MaxLength="10"/>
                <Property Name="name" Type="Edm.String" MaxLength="20"/>
                <Property Name="address" Type="Edm.String" MaxLength="50"/>
                <Property Name="city" Type="Edm.String" MaxLength="10"/>
                <Property Name="region" Type="Edm.String" MaxLength="2"/>
                <Property Name="postal" Type="Edm.String" MaxLength="6"/>
                <Property Name="country" Type="Edm.String" MaxLength="2"/>
                <NavigationProperty Name="hisorder" Relationship="default.cust_orderType" FromRole="custPrincipal" ToRole="orderDependent"/>
            </EntityType>
            <EntityType Name="orderType">
                <Key>
                    <PropertyRef Name="custordr_num"/>
                </Key>
                <Property Name="custordr_num" Type="Edm.String" Nullable="false" MaxLength="10"/>
                <Property Name="cust_num" Type="Edm.String" MaxLength="10"/>
                <Property Name="amount" Type="Edm.Decimal" Precision="10" Scale="2"/>
                <Property Name="orddate" Type="Edm.DateTime"/>
            </EntityType>
            <Association Name="cust_orderType">
                <End Type="default.custType" Role="custPrincipal" Multiplicity="1"/>
                <End Type="default.orderType" Role="orderDependent" Multiplicity="*"/>
            </Association>
            <EntityContainer Name="v2" m:IsDefaultEntityContainer="true">
                <EntitySet Name="cust" EntityType="default.custType"/>
                <EntitySet Name="order" EntityType="default.orderType"/>
                <AssociationSet Name="cust_order" Association="default.cust_orderType">
                    <End Role="custPrincipal" EntitySet="cust"/>
                    <End Role="orderDependent" EntitySet="order"/>
                </AssociationSet>
            </EntityContainer>
        </Schema>
    </edmx:DataServices>
</edmx:Edmx>